DAUID,Population
1,622.0,2.2753002330335392,57.0,0.10088495575221239,1.0897754903965433,61.0,0.1079646017699115,3.0,54.0,2.0,6.0,10.0,16.0,9.0,13.0,5.0,0.011406844106463879,0.15041782729805014,0.02564102564102564,0.11764705882352941,0.14285714285714285,0.1322314049586777,0.07258064516129033,0.16666666666666666,0.05,260.0,305.0,80.0,45.0,60.0,105.0,115.0,65.0,95.0,263.0,359.0,78.0,51.0,70.0,121.0,124.0,78.0,100.0
2,406.0,2.498532902858529,61.0,0.16266666666666665,1.4338758663147937,61.0,0.16266666666666665,15.0,46.0,3.0,10.0,2.0,15.0,10.0,3.0,18.0,0.0967741935483871,0.18326693227091634,0.0625,0.25,0.03773584905660377,0.21428571428571427,0.15384615384615385,0.09375,0.1836734693877551,170.0,205.0,45.0,30.0,55.0,55.0,75.0,35.0,80.0,155.0,251.0,48.0,40.0,53.0,70.0,65.0,32.0,98.0
3,469.0,0.8715219801001882,24.0,0.05393258426966292,0.9830015945213215,36.0,0.08089887640449438,7.0,17.0,5.0,5.0,3.0,0.0,1.0,19.0,3.0,0.03225806451612903,0.06746031746031746,0.07692307692307693,0.3333333333333333,0.05172413793103448,0.0,0.011904761904761904,0.24050632911392406,0.02912621359223301,210.0,235.0,60.0,20.0,55.0,65.0,85.0,60.0,100.0,217.0,252.0,65.0,15.0,58.0,65.0,84.0,79.0,103.0
4,421.0,1.3289972784899773,36.0,0.09350649350649351,1.260797521258029,52.0,0.13506493506493505,22.0,14.0,3.0,2.0,3.0,4.0,9.0,13.0,18.0,0.11458333333333333,0.0611353711790393,0.036585365853658534,0.1111111111111111,0.09375,0.057971014492753624,0.12162162162162163,0.22413793103448276,0.20454545454545456,170.0,215.0,85.0,20.0,35.0,65.0,65.0,45.0,70.0,192.0,229.0,82.0,18.0,32.0,69.0,74.0,58.0,88.0